,3,5,6,8,9,10,12,14,15,21,22,mean_importance,rank_global
ch3-lowgamma-std,0.69508505,0.003197376,0.008644145,0.30440074,0.066939086,0.13434392,0.43191433,0.29240718,0.21075109,0.03301471,0.14021732,0.21099228,1.0
ch9-lowgamma-std,0.0,0.07280404,0.016954545,0.75427526,0.0,0.11986689,0.01430288,0.042127695,0.16188024,0.52998775,0.25880748,0.17918244,2.0
ch19-lowgamma-std,0.29818195,0.0,0.91493076,0.01909094,0.0,0.0,0.017078632,0.0,0.046887275,0.08595122,0.563118,0.17683989,3.0
ch7-lowgamma-kurt,0.02367737,0.030566143,0.1367971,0.19301566,0.096795306,0.13848048,0.006745552,0.07314914,0.49590123,0.058259882,0.22387911,0.134297,4.0
ch13-lowgamma-hjact,0.0,0.0,0.039007224,0.053028446,0.018426133,0.22914495,0.4204267,0.07097126,0.0,0.0,0.54918,0.12547134,5.0
ch6-lowgamma-hjact,0.06423375,0.15878767,0.05172161,0.027856918,0.0,0.48398066,0.0,0.0,0.03127793,0.5436488,0.0,0.12377339,6.0
ch12-lowgamma-peaktopeak,0.006749731,0.007008909,0.8934442,0.023650188,0.0,0.00896048,0.01583755,0.17929247,0.041823216,0.0,0.14979635,0.12059665,7.0
ch17-lowgamma-std,0.026504854,0.011909444,0.0,0.0,0.111187786,0.073241584,0.0083658965,0.7333199,0.06969325,0.13185543,0.045057975,0.11010328,8.0
ch19-lowgamma-peaktopeak,0.007557246,0.049220573,0.9112559,0.0,0.0,0.1232657,0.0056803995,0.0,0.04789147,0.0,0.010330758,0.10501838,9.0
ch18-lowgamma-de,0.20126954,0.004292692,0.66072094,0.004942975,0.0059615416,0.010016951,0.0,0.023194754,0.0054570613,0.18912663,0.015914388,0.10189977,10.0
ch5-lowgamma-hjmob,0.0032228231,0.0,0.07118193,0.0,0.7207094,0.025039379,0.0,0.0063040243,0.013062049,0.0851886,0.19555193,0.10184184,11.0
ch10-lowgamma-hjmob,0.08615995,0.08298324,0.0,0.0036388102,0.2797926,0.020579182,0.010285107,0.51826847,0.015569296,0.0,0.093180776,0.10095067,12.0
ch9-lowgamma-peaktopeak,0.0,0.4822024,0.08771603,0.12750465,0.0,0.08112808,0.024766829,0.024203615,0.047641832,0.0007075659,0.21118246,0.09882304,13.0
ch4-lowgamma-std,0.0,0.0,0.0534871,0.002239835,0.014939416,0.67530555,0.034307875,0.06980591,0.042966224,0.15461697,0.025019573,0.09751713,14.0
ch15-lowgamma-hjmob,0.079963915,0.01687631,0.4366732,0.009918421,0.02510274,0.0,0.017580109,0.41622,0.0,0.0,0.0,0.09112132,15.0
ch3-lowgamma-de,0.34487268,0.0,0.012455232,0.31923845,0.21891314,0.019762142,0.012500423,0.003549136,0.0053785685,0.036796022,0.0,0.08849689,16.0
ch17-alpha-peaktopeak,0.0,0.0,0.032957677,0.0076076603,0.0,0.3131291,0.44188178,0.0,0.09756784,0.0,0.0055613043,0.08170049,17.0
ch2-lowgamma-skew,0.030796492,0.020245811,0.002816521,0.0048654703,0.0,0.017997963,0.1831662,0.4500267,0.06841169,0.03710263,0.04963761,0.078642465,18.0
ch8-lowgamma-hjcomp,0.011449128,0.1643656,0.049862042,0.05501405,0.27242208,0.01439563,0.2273437,0.0,0.054943204,0.007914609,0.005954653,0.07851496,19.0
ch12-lowgamma-hjmob,0.15353122,0.25384307,0.01927473,0.19113933,0.08141286,0.00604128,0.0,0.052350055,0.05128054,0.03244606,0.014774669,0.077826716,20.0
ch11-lowgamma-de,0.0,0.016545206,0.013884276,0.030069405,0.09412223,0.08539067,0.4846886,0.109952785,0.009652154,0.0,0.0,0.07675503,21.0
ch16-lowgamma-peaktopeak,0.0,0.0,0.01929861,0.041023273,0.020900467,0.008854242,0.33817995,0.19712159,0.0045519755,0.13698022,0.07080562,0.07615599,22.0
ch14-lowgamma-hjmob,0.0,0.032120783,0.40991396,0.018838301,0.00416308,0.0034520149,0.0,0.03725016,0.057079747,0.125136,0.112584434,0.07277623,23.0
ch7-theta-relpow,0.0,0.019294264,0.098074846,0.0918385,0.016885398,0.0054096575,0.014788542,0.05869374,0.08088167,0.36585125,0.0111663295,0.06935311,24.0
ch18-lowgamma-peaktopeak,0.0022904149,0.08945226,0.097961165,0.002201864,0.01734007,0.01130892,0.046833076,0.0,0.06161286,0.43378872,0.0,0.06934449,25.0
ch3-lowgamma-hjmob,0.1548649,0.026185669,0.028919678,0.17453946,0.067169726,0.09790873,0.07039484,0.06685106,0.0034989193,0.0,0.07139752,0.06924823,26.0
ch1-lowgamma-de,0.008941668,0.0,0.0057352814,0.01196714,0.11659663,0.19541124,0.0,0.0066940356,0.0,0.41400576,0.0023562,0.06924617,27.0
ch11-lowgamma-hjcomp,0.3691835,0.0,0.028860852,0.29153216,0.0,0.0,0.0,0.0,0.04113153,0.011373525,0.009884894,0.06836059,28.0
ch11-lowgamma-relpow,0.052042075,0.009667951,0.068215184,0.0,0.007940494,0.043822818,0.5000271,0.029544763,0.0,0.020931156,0.0026031437,0.06679952,29.0
ch18-beta-peaktopeak,0.016284386,0.3918695,0.0,0.015977481,0.004170098,0.0102999965,0.0,0.0,0.27264205,0.009275386,0.0,0.06550172,30.0
ch7-lowgamma-skew,0.0,0.0,0.049337763,0.010507071,0.28699967,0.00788109,0.11478467,0.05239064,0.08889487,0.0059605604,0.063549235,0.06184596,31.0
ch13-lowgamma-hjmob,0.048801105,0.012270673,0.021199709,0.030138025,0.015202379,0.06295712,0.24716464,0.0,0.0080213845,0.20235111,0.026454182,0.06132367,32.0
ch1-alpha-skew,0.029405512,0.0,0.024589933,0.027209831,0.0,0.08347882,0.0,0.0,0.004252578,0.5011961,0.0030785652,0.061201032,33.0
ch6-beta-hjcomp,0.010298932,0.05173605,0.0,0.005652044,0.0072426405,0.02471,0.0,0.0,0.28526664,0.032318156,0.24123612,0.05986005,34.0
ch5-alpha-relpow,0.10869594,0.25821358,0.0,0.0181526,0.0053543467,0.23074646,0.0,0.0,0.022349777,0.0,0.0052108658,0.058974866,35.0
ch5-lowgamma-hjcomp,0.0,0.0141170425,0.0,0.0,0.1789947,0.0,0.0,0.16255185,0.23307656,0.04905264,0.0,0.057981167,36.0
ch14-theta-kurt,0.0,0.2098223,0.0,0.0017123801,0.03677727,0.22560646,0.05028374,0.007452534,0.06800788,0.026427902,0.011449357,0.05795817,37.0
ch19-lowgamma-hjmob,0.026201354,0.017087912,0.04811763,0.0020912641,0.0703647,0.10886612,0.111970074,0.032780334,0.19097982,0.0033406825,0.008167553,0.056360677,38.0
ch19-lowgamma-de,0.051025383,0.0,0.071635276,0.05072272,0.015996104,0.0,0.0,0.0025036358,0.09414189,0.32491207,0.007253475,0.056199145,39.0
ch7-theta-kurt,0.027584385,0.022335438,0.023048768,0.062066976,0.051791206,0.0,0.06683798,0.30794498,0.024376439,0.02528128,0.005246188,0.05604669,40.0
ch17-lowgamma-de,0.06753094,0.0,0.0,0.0,0.0,0.03185209,0.0,0.4421781,0.041844342,0.011718574,0.02135078,0.05604317,41.0
ch9-beta-kurt,0.0,0.045323808,0.0,0.035194576,0.21560407,0.008540812,0.012785873,0.0,0.0040904214,0.09490906,0.19677426,0.05574753,42.0
ch5-delta-kurt,0.3164232,0.0,0.035082497,0.03812436,0.1621388,0.01349565,0.021134386,0.0042329878,0.0077052745,0.0,0.013574214,0.055628303,43.0
ch12-beta-hjcomp,0.002634885,0.01726761,0.32880145,0.13480243,0.034464303,0.005138301,0.013785518,0.006796972,0.025631854,0.01143441,0.027754104,0.05531926,44.0
ch15-lowgamma-kurt,0.071277104,0.0,0.0039996426,0.008003112,0.0,0.00712876,0.010275895,0.44436508,0.00388987,0.0,0.056784026,0.055065773,45.0
ch11-lowgamma-peaktopeak,0.013377396,0.07015858,0.08043209,0.0,0.011985369,0.21818143,0.14261468,0.060962982,0.0,0.007984899,0.0,0.0550634,46.0
ch8-beta-hjcomp,0.10796767,0.032342598,0.016214577,0.019804616,0.050228152,0.09676564,0.045104455,0.10476162,0.012338771,0.026919436,0.09003737,0.054771353,47.0
ch10-lowgamma-de,0.008241666,0.039726026,0.0030978965,0.06951791,0.0,0.013067759,0.01504543,0.004897524,0.013297738,0.4347792,0.0,0.05469738,48.0
ch17-lowgamma-hjmob,0.0,0.0,0.005125032,0.0031389939,0.110672556,0.20558561,0.0041949484,0.03691962,0.0,0.08484625,0.14597008,0.054223005,49.0
ch17-sigma-skew,0.07680371,0.020941172,0.0,0.0,0.06310752,0.006817827,0.024722502,0.009817133,0.03654078,0.13253483,0.2199969,0.053752944,50.0
ch8-lowgamma-std,0.023967583,0.0,0.01303173,0.080558755,0.0,0.07940974,0.06816489,0.22550543,0.092553936,0.0,0.006498928,0.053608272,51.0
ch14-theta-skew,0.089581735,0.029948216,0.0,0.2673205,0.0,0.0,0.0,0.16824102,0.0,0.0,0.03154469,0.053330563,52.0
ch16-lowgamma-de,0.0,0.0,0.0076144827,0.0,0.0,0.032981962,0.19182855,0.31262594,0.005215829,0.016735189,0.019437738,0.053312697,53.0
ch13-lowgamma-de,0.0,0.0,0.0,0.065253094,0.016094267,0.18278793,0.1221603,0.01729064,0.16963522,0.0,0.0,0.052111045,54.0
ch18-theta-relpow,0.046175074,0.0,0.0,0.0,0.04361355,0.0,0.19825754,0.009319665,0.10801342,0.15636261,0.0,0.051067438,55.0
ch13-theta-kurt,0.01791439,0.0,0.0,0.16836616,0.19541107,0.008378246,0.008973969,0.0013554738,0.0,0.15076745,0.0,0.05010607,56.0
ch6-beta-psd,0.1012454,0.0,0.0,0.0013743264,0.17760207,0.10370338,0.0,0.0,0.16515632,0.0,0.0,0.049916502,57.0
ch13-lowgamma-peaktopeak,0.0,0.01249251,0.004638965,0.13098507,0.27271074,0.006519166,0.020717496,0.014725926,0.0,0.0,0.08589427,0.049880374,58.0
ch6-lowgamma-kurt,0.012156661,0.11573594,0.0,0.010523394,0.2089122,0.045345288,0.01493588,0.009238569,0.11392115,0.0,0.015961822,0.04970281,59.0
ch18-beta-psd,0.0,0.25125745,0.005203547,0.014060446,0.045656558,0.0,0.16231185,0.0,0.0,0.0675269,0.0,0.049637888,60.0
ch13-sigma-kurt,0.029174883,0.1271581,0.21190903,0.0,0.045551,0.0,0.0,0.0,0.073839866,0.0,0.05740827,0.049549196,61.0
ch19-lowgamma-kurt,0.0016336751,0.0,0.026794147,0.195439,0.015232307,0.0,0.0,0.047448307,0.015580115,0.124018654,0.11745744,0.049418513,62.0
ch1-lowgamma-hjmob,0.0080207605,0.2693467,0.005251587,0.015695848,0.0288089,0.0,0.001655535,0.01108768,0.15389131,0.019506736,0.023505807,0.048797354,63.0
ch5-sigma-skew,0.0,0.0,0.07604504,0.11535927,0.0,0.0071072006,0.29499334,0.023690246,0.018019207,0.0,0.0,0.048655845,64.0
ch13-lowgamma-skew,0.0033535748,0.017983247,0.0,0.012140494,0.40060815,0.0062211147,0.02345813,0.0,0.00900606,0.0,0.055976633,0.048067942,65.0
ch14-beta-kurt,0.0026839734,0.007111728,0.01675361,0.022412853,0.0,0.056841284,0.04426212,0.0,0.22557436,0.15115021,0.0,0.04789001,66.0
ch18-lowgamma-hjmob,0.2879033,0.0,0.019586127,0.039357305,0.006766958,0.021801244,0.0,0.055461198,0.011790347,0.08407525,0.0,0.047885608,67.0
ch7-sigma-peaktopeak,0.04607258,0.0,0.004971008,0.0,0.0,0.0,0.14181305,0.09363395,0.21474366,0.006444116,0.0,0.046152577,68.0
ch13-theta-relpow,0.014317948,0.01981017,0.0,0.03305465,0.04617898,0.0,0.0305528,0.12375383,0.0023049768,0.15827684,0.07514726,0.045763407,69.0
ch6-lowgamma-hjcomp,0.10139474,0.008830884,0.0,0.0,0.09598299,0.05290044,0.014845311,0.05413941,0.05449404,0.020736726,0.09918844,0.045682993,70.0
ch2-theta-kurt,0.0,0.02438793,0.0,0.0031976039,0.07209923,0.046513546,0.0,0.19009113,0.015430399,0.14692214,0.0,0.045331087,71.0
ch5-sigma-kurt,0.08765386,0.020421641,0.10865005,0.099301234,0.0,0.0,0.007090491,0.009449803,0.06718239,0.027098017,0.07022348,0.045188274,72.0
ch6-delta-skew,0.03756291,0.02008439,0.06039616,0.0,0.024727458,0.007987002,0.09518616,0.0,0.008985543,0.05972039,0.18205246,0.045154773,73.0
ch13-lowgamma-hjcomp,0.016878476,0.16888662,0.0051778075,0.004300442,0.040557906,0.01739638,0.12077983,0.00825047,0.08667301,0.023541175,0.0,0.04476747,74.0
ch6-alpha-kurt,0.29701814,0.0,0.02712102,0.031648368,0.0,0.0121483505,0.0,0.0,0.047557037,0.006141328,0.06965749,0.04466288,75.0
ch16-lowgamma-hjmob,0.0,0.053925265,0.09080688,0.07001987,0.0,0.026192475,0.0,0.04933953,0.010216119,0.0,0.18637387,0.044261273,76.0
ch7-lowgamma-hjact,0.0,0.009562355,0.00865181,0.21879901,0.040404376,0.026345236,0.106122635,0.0064980434,0.044872403,0.02412145,0.0,0.04412521,77.0
ch17-theta-skew,0.12283312,0.024906684,0.0,0.0043043313,0.0,0.0,0.20912059,0.01945157,0.059321582,0.024737759,0.015966477,0.043694735,78.0
ch18-delta-relpow,0.03254861,0.0071109543,0.12603983,0.031179428,0.0,0.0,0.27402464,0.0,0.0,0.0,0.0069448836,0.04344076,79.0
ch9-beta-hjact,0.29929927,0.0,0.0,0.0,0.0,0.044124547,0.0,0.08124583,0.04795243,0.0,0.005032407,0.04342314,80.0
ch9-lowgamma-hjmob,0.0,0.043979246,0.13033357,0.011832012,0.011282794,0.0,0.0,0.09203891,0.050806973,0.06537111,0.0704268,0.043279216,81.0
ch14-alpha-relpow,0.023970122,0.0,0.0,0.0,0.0,0.0,0.24882352,0.0040725307,0.088251516,0.009141597,0.09717382,0.042857554,82.0
ch6-theta-kurt,0.009957305,0.008841705,0.0,0.09154425,0.0,0.24727994,0.008032149,0.036854945,0.016809862,0.051529005,0.0,0.04280447,83.0
ch12-theta-kurt,0.0,0.0,0.0,0.024084147,0.040178567,0.04987351,0.001985602,0.032749444,0.19602764,0.10325985,0.022305708,0.042769495,84.0
ch18-alpha-skew,0.0048163417,0.0043487535,0.008778403,0.0,0.020296259,0.34484056,0.0028169446,0.012774359,0.0,0.069908224,0.0,0.042598166,85.0
ch7-sigma-skew,0.0,0.066585064,0.0,0.16443104,0.013878822,0.0040997085,0.004681449,0.089464,0.029357344,0.0,0.08850652,0.041909453,86.0
ch4-lowgamma-peaktopeak,0.022805922,0.039518047,0.0786382,0.0,0.019772785,0.1200581,0.008706331,0.1155183,0.018257992,0.0007728245,0.035993934,0.041822042,87.0
ch3-beta-hjcomp,0.0,0.04086742,0.030600693,0.0,0.0,0.22597328,0.0075430097,0.0,0.13160883,0.01654498,0.006735386,0.04180669,88.0
ch12-lowgamma-de,0.026878985,0.029172815,0.25048563,0.02906117,0.04937204,0.0031886164,0.0,0.008180211,0.022187987,0.0050359303,0.035225056,0.041708037,89.0
ch16-lowgamma-relpow,0.03603826,0.033664692,0.0,0.0,0.04950905,0.31569892,0.008932365,0.0036898616,0.0,0.0,0.0061094956,0.04124024,90.0
ch8-theta-kurt,0.0,0.024227586,0.007540104,0.13221537,0.07046335,0.058403313,0.0,0.10273819,0.02975409,0.017050106,0.010954247,0.041213308,91.0
ch14-lowgamma-relpow,0.08758777,0.08215204,0.09440319,0.0,0.023669899,0.0,0.01293102,0.0,0.03906066,0.0065438575,0.10445863,0.04098246,92.0
ch1-lowgamma-kurt,0.0,0.05069124,0.024258694,0.0,0.09514371,0.12937276,0.0,0.0,0.0,0.0,0.14894554,0.040764723,93.0
ch12-theta-skew,0.0,0.05789639,0.09553693,0.19568458,0.010060073,0.009376228,0.019628346,0.0,0.020543644,0.0,0.032004837,0.040066455,94.0
ch10-delta-skew,0.0,0.015757157,0.0,0.061294153,0.033534154,0.2088391,0.084291,0.007119028,0.007762533,0.013725373,0.004079636,0.039672922,95.0
ch18-beta-relpow,0.021002702,0.0,0.0,0.069124855,0.0,0.038961396,0.29281977,0.008011335,0.004409035,0.0,0.0,0.039484467,96.0
ch10-theta-kurt,0.004608933,0.056388106,0.0,0.011388082,0.17444663,0.0,0.006710725,0.0,0.1684278,0.0,0.010614211,0.039325863,97.0
ch14-lowgamma-peaktopeak,0.059236646,0.01411194,0.049573507,0.0,0.00824643,0.0,0.1781356,0.044211674,0.013646301,0.027155345,0.026328553,0.03824055,98.0
ch3-theta-skew,0.0050491313,0.007216647,0.0,0.010220179,0.017333664,0.15019283,0.13519993,0.0,0.0,0.0,0.094455406,0.038151618,99.0
ch7-theta-skew,0.0,0.005317183,0.007620738,0.035797752,0.005978476,0.0,0.06212682,0.030704886,0.10640995,0.16356602,0.0,0.037956532,100.0
ch2-lowgamma-hjcomp,0.040753566,0.012546255,0.0,0.022550413,0.05737049,0.061563894,0.0,0.06214637,0.046580017,0.0,0.1100918,0.037600257,101.0
ch15-theta-kurt,0.0028039757,0.025196807,0.0,0.004322081,0.017355116,0.09822838,0.162715,0.01476934,0.011127408,0.07308225,0.0029232418,0.037502147,102.0
ch4-sigma-kurt,0.06657628,0.10555525,0.0,0.026647635,0.0,0.006305424,0.0,0.045303408,0.03213607,0.1204021,0.007934215,0.037350945,103.0
ch10-beta-psd,0.0,0.008913909,0.0,0.08900157,0.0,0.0,0.0,0.0,0.081294805,0.07562427,0.15355696,0.037126504,104.0
ch8-sigma-relpow,0.0,0.0,0.007851581,0.0,0.1989886,0.120745465,0.0,0.0,0.0054778634,0.05999119,0.009753057,0.036618885,105.0
ch7-alpha-hjmob,0.015462568,0.00960581,0.014747782,0.0,0.0071127503,0.021835152,0.10420035,0.08116245,0.027568966,0.023206849,0.096486785,0.03648995,106.0
ch14-alpha-hjmob,0.0,0.0021990621,0.09870614,0.014159182,0.004234427,0.009118343,0.007698572,0.038029965,0.0,0.13440737,0.08601254,0.0358696,107.0
ch14-lowgamma-de,0.022273006,0.10489925,0.017564422,0.029936804,0.010888357,0.006744595,0.020794833,0.036650196,0.13955104,0.0,0.0049324865,0.035839543,108.0
ch8-lowgamma-peaktopeak,0.0,0.010383625,0.0,0.009112169,0.0,0.05095261,0.006575281,0.069583304,0.18223329,0.03246498,0.03181064,0.03573781,109.0
ch8-lowgamma-skew,0.01923434,0.07596028,0.17151977,0.003967155,0.0037735598,0.0077740885,0.0076371906,0.021881344,0.041336738,0.0055357423,0.03370338,0.035665784,110.0
ch7-beta-psd,0.0,0.29148707,0.027414571,0.017034095,0.0065639284,0.0028436377,0.0,0.029255364,0.015189344,0.0,0.0,0.035435274,111.0
ch8-lowgamma-de,0.0,0.07354028,0.02153442,0.0064116605,0.0,0.0,0.004979869,0.046087395,0.08297643,0.05320331,0.096958406,0.035062887,112.0
ch16-sigma-skew,0.061329465,0.02184574,0.125425,0.12466127,0.0,0.0,0.014944717,0.022543218,0.0,0.01305737,0.0,0.034891523,113.0
ch6-lowgamma-de,0.0,0.0,0.0,0.17667644,0.010101006,0.16448262,0.0,0.010457194,0.015723325,0.0,0.004399316,0.034712717,114.0
ch12-lowgamma-kurt,0.109893546,0.007831366,0.0,0.039588895,0.009186589,0.0046152934,0.11710446,0.030192047,0.0408549,0.022476722,0.0,0.034703985,115.0
ch1-theta-skew,0.17420961,0.002892755,0.0071515697,0.0558995,0.0,0.0,0.12966837,0.0,0.0048356764,0.0036638982,0.0,0.03439285,116.0
ch12-beta-skew,0.010051127,0.0,0.00866698,0.008795079,0.106111296,0.004064907,0.04902489,0.029178156,0.14159444,0.0,0.017195435,0.034062028,117.0
ch15-lowgamma-relpow,0.20171872,0.01702882,0.0,0.0,0.0048706247,0.039900687,0.0,0.04209376,0.0,0.0,0.059560355,0.03319754,118.0
ch2-lowgamma-de,0.0018825617,0.1701039,0.022172788,0.07148779,0.0,0.018641984,0.0,0.0,0.013435247,0.06531926,0.0,0.03300396,119.0
ch16-theta-kurt,0.011856882,0.02031129,0.0,0.11907689,0.0673528,0.030281061,0.0071811606,0.0,0.0,0.08019263,0.024194496,0.03276793,120.0
ch3-delta-skew,0.009392132,0.014893003,0.033145003,0.0048280265,0.0,0.019579269,0.0039540143,0.02955112,0.052022222,0.07382419,0.11018787,0.031943347,121.0
ch4-lowgamma-kurt,0.0,0.0,0.03897147,0.0,0.017681316,0.0042339354,0.019875377,0.23742367,0.0,0.0,0.031121518,0.03175521,122.0
ch11-lowgamma-hjmob,0.023286408,0.07074604,0.0,0.0,0.018861344,0.019612258,0.081543945,0.0076410165,0.007581596,0.11874206,0.0,0.031637695,123.0
ch9-theta-kurt,0.005978642,0.0,0.07945731,0.01144094,0.0,0.07633311,0.02549423,0.008332214,0.08472113,0.037092697,0.016859924,0.0314282,124.0
ch7-lowgamma-relpow,0.008419679,0.02018187,0.005067382,0.0073782443,0.016123135,0.010923739,0.08874244,0.008967412,0.003054922,0.0036520064,0.17292818,0.031403545,125.0
ch1-theta-hjcomp,0.003318921,0.08492784,0.0,0.0408109,0.003551666,0.041356985,0.012011038,0.017886233,0.06453774,0.0,0.07659436,0.031363245,126.0
ch10-beta-hjcomp,0.016145889,0.0,0.042907313,0.05940449,0.1564715,0.0038667568,0.0,0.0,0.04868703,0.0,0.016313627,0.031254236,127.0
ch1-beta-relpow,0.039882883,0.006714092,0.07410502,0.011494595,0.0038748248,0.013410733,0.007609336,0.015286929,0.10135298,0.038277615,0.029195487,0.03101859,128.0
ch18-alpha-hjmob,0.007898474,0.0,0.0,0.0,0.0037596463,0.015559037,0.008695585,0.025191344,0.16104306,0.073204406,0.045166828,0.030956216,129.0
ch2-alpha-hjmob,0.010693745,0.04275753,0.013813864,0.0,0.0,0.16129024,0.027352886,0.0,0.03019091,0.029670967,0.024368865,0.030921727,130.0
ch3-lowgamma-relpow,0.09061932,0.008729478,0.022308966,0.0,0.007453095,0.03614529,0.07119588,0.011590436,0.008271196,0.082184486,0.0,0.03077256,131.0
ch8-lowgamma-kurt,0.07747937,0.0120583605,0.010471215,0.0,0.082476914,0.00884977,0.0,0.030037552,0.08820999,0.013495123,0.014991936,0.030733658,132.0
ch9-lowgamma-de,0.0025984112,0.007914078,0.0076687047,0.12643556,0.016128488,0.06326261,0.0,0.006085967,0.017770639,0.0,0.088775635,0.030603642,133.0
ch6-lowgamma-hjmob,0.0,0.0,0.023412326,0.18071885,0.025075126,0.018083561,0.023463408,0.0,0.0,0.05111116,0.014775551,0.030603634,134.0
ch7-theta-hjcomp,0.0,0.04630446,0.033641834,0.0,0.05490369,0.042505838,0.0065081534,0.032328032,0.077487804,0.004984919,0.035211068,0.030352343,135.0
ch17-theta-kurt,0.0063703456,0.0,0.02974921,0.13912407,0.033549547,0.0,0.012338267,0.058712322,0.036779154,0.0048289904,0.009012203,0.03004219,136.0
ch9-beta-skew,0.21925184,0.07428891,0.0,0.0,0.010213389,0.0043426324,0.015265638,0.0,0.0042151404,0.0,0.0019734239,0.02995918,137.0
ch2-lowgamma-peaktopeak,0.0,0.050498012,0.0,0.0,0.2402401,0.0067154807,0.007525127,0.0,0.023805972,0.0,0.0,0.029889517,138.0
ch11-lowgamma-kurt,0.008839576,0.026811136,0.010716099,0.0417802,0.19382726,0.013294748,0.017455507,0.0,0.00841956,0.0,0.0075546517,0.029881705,139.0
ch17-sigma-kurt,0.0074951756,0.0026183436,0.0,0.1723552,0.0,0.0,0.0076428102,0.00799959,0.0064262208,0.0030074555,0.119382754,0.029720686,140.0
ch5-beta-skew,0.010823406,0.0,0.010373226,0.005456245,0.046392534,0.04490157,0.02340795,0.0,0.01958138,0.0,0.16098268,0.029265363,141.0
ch5-lowgamma-peaktopeak,0.0,0.0490192,0.009317145,0.015312602,0.13478556,0.047925126,0.064934835,0.0,0.0,0.0,0.0,0.02920859,142.0
ch3-beta-kurt,0.0,0.21732794,0.0,0.0,0.026909204,0.0058160033,0.0,0.0590171,0.00473235,0.0,0.007162363,0.02917863,143.0
ch16-beta-kurt,0.020386824,0.0055052657,0.090852864,0.0,0.042102106,0.03177554,0.012634735,0.033429343,0.05260368,0.021128766,0.009406294,0.02907504,144.0
ch7-delta-skew,0.012529306,0.031067098,0.0,0.061564166,0.012156514,0.0,0.013189786,0.0,0.11227735,0.070119746,0.006242885,0.029013349,145.0
ch9-lowgamma-hjcomp,0.20243078,0.0,0.0,0.012685078,0.0,0.012468888,0.037917536,0.009948901,0.022071568,0.005250836,0.016176369,0.028995452,146.0
ch9-alpha-skew,0.08200531,0.12105723,0.0,0.0,0.0,0.0,0.028537279,0.03977545,0.044410877,0.0,0.0029206323,0.028973343,147.0
ch16-theta-skew,0.07524942,0.017636413,0.04550716,0.015615126,0.0,0.016716756,0.031864487,0.017285474,0.072941646,0.0,0.025090389,0.028900623,148.0
ch13-theta-psd,0.023768047,0.088268936,0.0,0.0,0.12471582,0.017010184,0.014903829,0.0,0.012406521,0.028499922,0.0076888767,0.028842015,149.0
ch5-sigma-relpow,0.0,0.13314846,0.0,0.055120934,0.048728246,0.0,0.046166692,0.017859133,0.0,0.0,0.01476044,0.028707625,150.0
ch7-beta-hjmob,0.0,0.0,0.0,0.026697092,0.22896303,0.0076561808,0.0068499288,0.016892215,0.014069591,0.0037158004,0.010871244,0.02870137,151.0
ch16-lowgamma-hjcomp,0.009969968,0.0,0.008028233,0.07302629,0.030469693,0.11043068,0.031137863,0.045611385,0.0,0.0,0.0056054,0.028570862,152.0
ch10-beta-peaktopeak,0.0050219763,0.0,0.019356227,0.0,0.0,0.0,0.0,0.0032436159,0.0,0.21507055,0.0701179,0.028437298,153.0
ch5-lowgamma-de,0.046638962,0.052720718,0.009145538,0.05706277,0.06903635,0.021305908,0.0035078807,0.03113754,0.020899555,0.0,0.0,0.028314112,154.0
ch16-beta-hjmob,0.0,0.03560311,0.08328479,0.029141417,0.01587451,0.0,0.0,0.0031377776,0.0,0.14318646,0.0,0.02820255,155.0
ch17-alpha-hjmob,0.045332458,0.03055443,0.0,0.025015729,0.0,0.036179896,0.0,0.0,0.0,0.15910873,0.013482553,0.028152162,156.0
ch15-alpha-skew,0.18115562,0.011225243,0.0,0.008235211,0.00839083,0.0,0.041370597,0.027894426,0.010931258,0.014823969,0.0,0.027638834,157.0
ch12-alpha-skew,0.0,0.0,0.0,0.17407389,0.018016191,0.0,0.0,0.006235468,0.014236188,0.015781136,0.07377161,0.027464954,158.0
ch14-lowgamma-kurt,0.015666416,0.0,0.009672135,0.034186874,0.051103234,0.0,0.06748881,0.0022104892,0.041263442,0.03912983,0.041115746,0.027439725,159.0
ch2-lowgamma-relpow,0.0,0.0018213228,0.0,0.0,0.0,0.0,0.0059187403,0.0,0.0023537287,0.0,0.28931907,0.02721935,160.0
ch12-beta-peaktopeak,0.0,0.0,0.009490129,0.0,0.0,0.009421377,0.0,0.024169235,0.16392046,0.069470175,0.019979721,0.026950099,161.0
ch11-delta-relpow,0.0,0.0,0.047689237,0.0,0.009410058,0.17744938,0.0,0.0564099,0.0,0.0038145168,0.0,0.026797555,162.0
ch12-delta-relpow,0.065023676,0.09174861,0.0017998867,0.0,0.040221006,0.019877428,0.012245855,0.0,0.042505976,0.01916935,0.0,0.026599253,163.0
ch13-sigma-skew,0.020311672,0.028576942,0.02259145,0.0086382,0.0,0.0,0.0726629,0.107529424,0.026301183,0.0,0.004955629,0.026506126,164.0
ch11-alpha-relpow,0.045258068,0.0,0.0,0.13829371,0.006254667,0.0,0.10161998,0.0,0.0,0.0,0.0,0.026493313,165.0
ch14-sigma-kurt,0.0045967745,0.019724889,0.0,0.0044571697,0.08947003,0.0,0.015188023,0.15444565,0.0,0.0,0.003525627,0.02649165,166.0
ch1-beta-psd,0.018875288,0.2234757,0.0,0.013084176,0.0,0.003995462,0.008478781,0.0063640536,0.01711946,0.0,0.0,0.026490266,167.0
ch6-lowgamma-peaktopeak,0.0,0.06363128,0.06840818,0.038278993,0.029708331,0.0051719924,0.006904586,0.0,0.025994198,0.012982619,0.040072717,0.026468445,168.0
ch15-theta-skew,0.026396606,0.042438496,0.0065360665,0.016640764,0.026896661,0.0051103565,0.02356133,0.046635814,0.0,0.0038459583,0.09057961,0.026240151,169.0
ch12-theta-peaktopeak,0.0,0.0,0.0,0.12223751,0.08288562,0.0,0.018624712,0.0,0.013410298,0.04994069,0.0,0.026099892,170.0
ch2-delta-skew,0.024916716,0.034719076,0.07591108,0.06047784,0.022738235,0.0,0.026712224,0.0,0.04078131,0.0,0.0,0.026023317,171.0
ch7-sigma-relpow,0.0,0.0942137,0.0028995562,0.0,0.069268204,0.020084945,0.040539406,0.02579797,0.0,0.033427943,0.0,0.026021065,172.0
ch5-theta-kurt,0.08462205,0.11000159,0.0,0.0,0.010200792,0.018503135,0.0,0.0,0.017783495,0.044341262,0.0,0.02595021,173.0
ch4-lowgamma-hjmob,0.017946701,0.02173242,0.0,0.011774192,0.060945176,0.031933524,0.011594268,0.0,0.05260969,0.0,0.076510414,0.02591331,174.0
ch3-beta-skew,0.0,0.0028696219,0.015564928,0.0,0.17558455,0.0,0.020514172,0.014305697,0.030530911,0.0,0.0252545,0.025874943,175.0
ch3-lowgamma-hjcomp,0.006420926,0.008737689,0.011699738,0.015911488,0.0,0.13422906,0.0,0.039242856,0.01127228,0.04627686,0.010559747,0.02585006,176.0
ch17-lowgamma-hjcomp,0.06848108,0.0,0.0,0.04297176,0.089450285,0.014390379,0.0097791655,0.03203211,0.011299143,0.015498527,0.0,0.025809312,177.0
ch8-beta-psd,0.0,0.038233873,0.16107486,0.0,0.0,0.0,0.010842084,0.0,0.05937872,0.013740079,0.0,0.025751786,178.0
ch9-sigma-skew,0.0,0.005552872,0.0,0.0,0.011560459,0.0,0.026028685,0.1400076,0.015836103,0.015733581,0.06375851,0.025316166,179.0
ch13-alpha-kurt,0.0036975096,0.006818877,0.018373406,0.035179846,0.0,0.11164097,0.0,0.0,0.0,0.008854302,0.09343633,0.02527284,180.0
ch1-lowgamma-peaktopeak,0.0,0.014521931,0.07467174,0.044390697,0.0,0.011847315,0.016048566,0.019183086,0.008270557,0.087100156,0.0,0.025094004,181.0
ch8-theta-skew,0.07013701,0.08014439,0.0,0.039165217,0.0,0.0,0.0,0.009928976,0.06772442,0.0,0.007150363,0.02493185,182.0
ch9-beta-peaktopeak,0.16838026,0.029507795,0.0,0.017179547,0.01388873,0.022930337,0.0202994,0.0,0.0,0.0,0.0,0.024744188,183.0
ch19-lowgamma-hjcomp,0.032727126,0.004011615,0.022154223,0.028842315,0.011741906,0.0,0.06602123,0.015387157,0.07726042,0.0,0.011123481,0.024479043,184.0
ch4-lowgamma-relpow,0.002655928,0.07776468,0.01780771,0.0025974773,0.0,0.056837063,0.005609255,0.028274922,0.008748399,0.0,0.068096094,0.024399232,185.0
ch13-alpha-relpow,0.0,0.0,0.011016424,0.0052245916,0.12911215,0.0,0.009476924,0.082079366,0.026469778,0.004963011,0.0,0.02439475,186.0
ch13-alpha-hjmob,0.014113311,0.03052455,0.0,0.05546549,0.023812396,0.04880919,0.043391585,0.0,0.019983476,0.032160617,0.0,0.024387328,187.0
ch12-sigma-skew,0.026828881,0.02595942,0.015743017,0.018989401,0.0119250035,0.0,0.010835368,0.0,0.0,0.11574709,0.04198266,0.02436462,188.0
ch4-lowgamma-hjcomp,0.0,0.011797269,0.037342392,0.0,0.0,0.011290296,0.004914293,0.065507606,0.11815862,0.0,0.018090501,0.024281908,189.0
ch19-beta-relpow,0.0436748,0.017487746,0.0,0.12267914,0.0,0.033935137,0.011633558,0.022790553,0.014532672,0.0,0.0,0.02424851,190.0
ch19-theta-kurt,0.006706764,0.0074299155,0.0,0.010221825,0.14632483,0.021392653,0.06588201,0.0,0.0,0.001389076,0.006555824,0.024172992,191.0
ch4-alpha-kurt,0.0061534853,0.078387596,0.0,0.01275447,0.019543279,0.04466424,0.0046574348,0.0074470597,0.0,0.006572421,0.085346766,0.024138797,192.0
ch16-sigma-kurt,0.016505972,0.012482015,0.015767716,0.014485643,0.048725016,0.0127159925,0.0141976895,0.0,0.02335599,0.068917386,0.037504327,0.024059795,193.0
ch13-alpha-skew,0.010940675,0.0,0.046746444,0.12399475,0.0071047973,0.0,0.0036066547,0.03713572,0.030493949,0.0,0.004168413,0.024017401,194.0
ch10-lowgamma-kurt,0.059558757,0.019767279,0.0,0.0,0.0064669615,0.14083563,0.0,0.027080841,0.0025399996,0.0,0.006925847,0.023925029,195.0
ch1-lowgamma-relpow,0.0076764566,0.15809517,0.0069709835,0.023629833,0.0,0.012683665,0.0,0.009560687,0.027478307,0.0,0.016555047,0.023877285,196.0
ch15-lowgamma-peaktopeak,0.15779826,0.0,0.0,0.017922966,0.0,0.0,0.014452336,0.0,0.0064258883,0.041629598,0.017975193,0.023291295,197.0
ch8-sigma-kurt,0.010375952,0.0,0.032573633,0.0376395,0.010202385,0.002593532,0.066398405,0.05823405,0.038117,0.0,0.0,0.02328495,198.0
ch18-theta-kurt,0.082147725,0.059033025,0.0,0.009787552,0.0041855555,0.0,0.0072169453,0.047038697,0.01407027,0.0051144115,0.02218245,0.022797877,199.0
ch8-sigma-skew,0.0,0.0970294,0.0,0.018667556,0.0,0.0,0.0,0.1246375,0.005638759,0.0,0.003971888,0.022722282,200.0
ch13-lowgamma-kurt,0.006629915,0.027594788,0.0,0.030414423,0.010809134,0.031483166,0.00810483,0.057589613,0.03338861,0.043442044,0.0,0.022677867,201.0
ch12-alpha-hjmob,0.035088915,0.09827783,0.0,0.004155519,0.004651296,0.05255415,0.015772635,0.0,0.0,0.026914915,0.011642318,0.022641597,202.0
ch11-theta-skew,0.0,0.016244508,0.03674572,0.014070009,0.0,0.041039154,0.03965862,0.0046464843,0.02927943,0.06714711,0.0,0.022621004,203.0
ch18-lowgamma-kurt,0.00401592,0.012750206,0.0,0.020201437,0.0,0.024674904,0.010334895,0.007882517,0.015010663,0.14613456,0.0023826524,0.022126159,204.0
ch9-theta-skew,0.05821289,0.059947524,0.0,0.072373666,0.009696803,0.0,0.0,0.028708778,0.0,0.010703941,0.0,0.02178578,205.0
ch4-lowgamma-skew,0.020567717,0.07289335,0.020957403,0.01891856,0.0,0.0,0.03711962,0.004841868,0.0,0.0,0.06418949,0.021771638,206.0
ch9-lowgamma-kurt,0.027745487,0.0,0.069408774,0.0,0.021210076,0.013120882,0.02212143,0.022508904,0.039045054,0.017898425,0.006297487,0.021759683,207.0
ch10-theta-skew,0.003229079,0.009111437,0.0,0.0,0.17788292,0.021703295,0.00513751,0.0,0.010074528,0.007892327,0.0041990653,0.021748196,208.0
ch5-theta-skew,0.012595752,0.020457653,0.0129915755,0.0,0.004881117,0.09104799,0.062982455,0.0,0.009726712,0.002797408,0.019663334,0.021558546,209.0
ch1-sigma-kurt,0.028705433,0.02861975,0.023762787,0.020205185,0.05623257,0.05743129,0.005303899,0.008264122,0.003229062,0.0046513854,0.0,0.021491408,210.0
ch6-alpha-hjcomp,0.06564132,0.0,0.08980176,0.01257851,0.0,0.011974545,0.025026428,0.0,0.020369334,0.0,0.0099249305,0.021392439,211.0
ch11-theta-relpow,0.022259712,0.0,0.007045371,0.01693618,0.0,0.0,0.0,0.09111999,0.0,0.094881535,0.0,0.02111298,212.0
ch7-beta-hjcomp,0.0058949557,0.035077225,0.044370968,0.005017214,0.0,0.0,0.08144194,0.041509517,0.017703366,0.0,0.0,0.021001382,213.0
ch3-lowgamma-kurt,0.0,0.015844615,0.0819785,0.030899169,0.0,0.007465337,0.020283807,0.0,0.027237339,0.013543977,0.03328824,0.02095827,214.0
ch8-alpha-hjcomp,0.0,0.0,0.016073601,0.029507862,0.0,0.03319074,0.11749345,0.0057170913,0.0,0.0,0.027286272,0.020842638,215.0
ch7-beta-relpow,0.0,0.0,0.018576644,0.0,0.036442205,0.03572151,0.004673251,0.0,0.0067705265,0.04188387,0.08383859,0.020718781,216.0
ch5-lowgamma-relpow,0.006356158,0.15082003,0.020947456,0.0,0.038958628,0.003488038,0.0,0.0071636033,0.0,0.0,0.0,0.020703083,217.0
ch5-beta-kurt,0.0077331774,0.0,0.047324643,0.01069069,0.0060810344,0.011546596,0.0,0.0247982,0.012518904,0.10398117,0.002633563,0.020664362,218.0
ch6-beta-skew,0.0038022518,0.0042230375,0.0,0.016530998,0.09901451,0.0,0.016360067,0.0,0.0072018187,0.034784634,0.045370784,0.020662555,219.0
ch18-alpha-kurt,0.0,0.16688794,0.02503403,0.0,0.0,0.0,0.02102276,0.0046109376,0.0046040784,0.0,0.00485375,0.020637589,220.0
ch17-beta-kurt,0.005934834,0.0058372924,0.05702067,0.0,0.0069350353,0.010241899,0.036559705,0.042364925,0.041706473,0.013372498,0.006954678,0.02062982,221.0
ch1-alpha-kurt,0.0057252143,0.07378476,0.0,0.054235198,0.013434934,0.0,0.0125915175,0.0,0.027154729,0.015316243,0.022584336,0.02043881,222.0
ch3-sigma-relpow,0.110376775,0.0,0.0,0.0,0.043274697,0.051255427,0.0019406206,0.0072735064,0.0030741484,0.007316396,0.0,0.020410145,223.0
ch4-lowgamma-de,0.017800262,0.06464918,0.0,0.0,0.011350762,0.0,0.063399866,0.0,0.0,0.00989219,0.055170465,0.020205703,224.0
ch13-beta-skew,0.0018433335,0.0094571635,0.05403171,0.027858306,0.0,0.06611383,0.0058142557,0.04292461,0.0,0.0,0.013465654,0.020137168,225.0
ch7-lowgamma-de,0.0,0.006053087,0.0,0.029186873,0.0024390062,0.017591791,0.01652184,0.0112729315,0.044963848,0.090452746,0.0021264856,0.020055328,226.0
ch14-beta-peaktopeak,0.0041833473,0.16310488,0.0029604593,0.0071147354,0.024913128,0.0048550824,0.0,0.0,0.0,0.013227842,0.0,0.02003268,227.0
ch19-sigma-kurt,0.0,0.0,0.0,0.06716374,0.0,0.0,0.021294132,0.0,0.06634356,0.013929408,0.050819665,0.019959137,228.0
ch19-sigma-skew,0.026173476,0.0,0.004042998,0.0,0.09222453,0.006577563,0.0,0.010378978,0.002843354,0.054078083,0.022920173,0.019930832,229.0
ch6-sigma-skew,0.017120866,0.038075607,0.0,0.0,0.055050183,0.0,0.020426704,0.0,0.0,0.008702888,0.07822213,0.019781671,230.0
ch13-theta-skew,0.02913262,0.08100007,0.029254641,0.0058843046,0.0,0.0,0.0,0.06727091,0.0,0.0,0.0049951044,0.019776149,231.0
ch12-sigma-kurt,0.008586418,0.0124003,0.015264729,0.014961125,0.0,0.045805633,0.014691547,0.0,0.010800209,0.0,0.09402864,0.019685326,232.0
ch4-delta-kurt,0.04718379,0.0044809706,0.00942569,0.044803865,0.003854931,0.0,0.037698578,0.0,0.04655082,0.022264954,0.0,0.019660328,233.0
ch8-beta-skew,0.0,0.0015275191,0.0068414058,0.07480518,0.0,0.0,0.0,0.0814164,0.03632793,0.0065885996,0.008195005,0.019609274,234.0
ch3-alpha-relpow,0.043290604,0.012888244,0.0,0.0,0.047299016,0.017580938,0.024412813,0.0,0.037926033,0.03158075,0.0,0.019543491,235.0
ch11-alpha-skew,0.00978724,0.0,0.012170193,0.0,0.14627734,0.0,0.015373669,0.0,0.017463928,0.002589098,0.010753725,0.019492287,236.0
ch8-delta-relpow,0.0,0.011336665,0.0,0.0035622732,0.0,0.0,0.0,0.0,0.0037656422,0.04440563,0.1513149,0.019489555,237.0
ch17-sigma-peaktopeak,0.0,0.012888531,0.0,0.11450066,0.029359696,0.0063106036,0.0,0.0,0.0,0.050806563,0.0,0.019442368,238.0
ch4-beta-psd,0.0,0.0,0.06732559,0.019067429,0.07775786,0.0,0.0,0.047744814,0.0,0.0,0.0,0.019263245,239.0
ch14-lowgamma-skew,0.0,0.021494592,0.0,0.01680776,0.048379194,0.021145955,0.03778506,0.0,0.0027710486,0.04737761,0.015481807,0.019203912,240.0
ch17-lowgamma-peaktopeak,0.02575298,0.012268229,0.024914201,0.04769274,0.0,0.046415877,0.043333475,0.0,0.00556202,0.0047083898,0.0,0.01914981,241.0
ch2-alpha-skew,0.05704664,0.0,0.0,0.031236716,0.044958495,0.06550391,0.0,0.0,0.009901306,0.0017444855,0.0,0.019126505,242.0
ch3-beta-hjmob,0.0,0.0,0.008758545,0.011626138,0.0065024914,0.006966783,0.0056793387,0.021567462,0.0,0.14552672,0.0030633726,0.019062804,243.0
ch15-theta-hjcomp,0.0,0.039062392,0.0,0.004340711,0.015487041,0.0,0.012072114,0.0,0.009080505,0.0,0.12852652,0.018960845,244.0
ch10-lowgamma-peaktopeak,0.0,0.011481132,0.0,0.0,0.0,0.0,0.0,0.07462413,0.004164484,0.0781964,0.037637655,0.018736709,245.0
ch10-lowgamma-hjcomp,0.0942588,0.016141092,0.0,0.0,0.03947994,0.009658759,0.0074401856,0.0,0.0,0.0033130066,0.03461227,0.018627642,246.0
ch3-sigma-skew,0.0,0.06847212,0.0,0.0035428826,0.018457673,0.06871749,0.0056912857,0.0,0.012788878,0.0103962505,0.014835537,0.018445648,247.0
ch4-alpha-hjcomp,0.019651527,0.021159893,0.04322895,0.011711699,0.0058955564,0.007526499,0.0063548936,0.026668508,0.05932527,0.0,0.0,0.018320255,248.0
ch4-alpha-hjmob,0.026849417,0.021671625,0.109248675,0.0,0.035003047,0.0,0.0,0.008056407,0.0,0.0,0.0,0.018257197,249.0
ch19-alpha-kurt,0.041476928,0.0403057,0.028353648,0.005938697,0.011135048,0.023507845,0.0,0.0021061618,0.0,0.025974235,0.02162624,0.018220408,250.0
ch15-alpha-hjmob,0.0,0.062277984,0.0,0.07521028,0.004747274,0.014041708,0.012821927,0.008657068,0.014383802,0.008157191,0.0,0.018208839,251.0
ch1-theta-kurt,0.010453317,0.014592524,0.008267604,0.062484577,0.0,0.015645271,0.0,0.004653839,0.07157795,0.009245323,0.0033328743,0.018204844,252.0
ch10-sigma-skew,0.013010614,0.0,0.0,0.005437396,0.1584997,0.0036364153,0.0074587646,0.0026695034,0.0,0.0,0.007949348,0.018060159,253.0
ch7-lowgamma-peaktopeak,0.013793034,0.031704098,0.012041732,0.0,0.0,0.05561536,0.032288563,0.052759815,0.0,0.0,0.0,0.018018417,254.0
ch8-alpha-skew,0.0,0.052225623,0.0,0.08738485,0.0,0.0,0.042663384,0.0,0.0056635654,0.0,0.00938876,0.017938742,255.0
ch19-lowgamma-relpow,0.021755684,0.0,0.007010316,0.036131695,0.010637983,0.0,0.11961383,0.0,0.0,0.0,0.0,0.017740864,256.0
ch8-alpha-peaktopeak,0.0,0.0,0.01813947,0.02445863,0.004195785,0.11619708,0.0,0.0,0.0,0.026134541,0.0033233594,0.01749535,257.0
ch14-alpha-kurt,0.015642166,0.007974309,0.0,0.0,0.008287123,0.0068208408,0.028004337,0.03352734,0.061540756,0.029171264,0.0,0.01736074,258.0
ch5-alpha-kurt,0.021287052,0.005427042,0.0,0.039784417,0.030519025,0.0663276,0.0,0.004579419,0.0,0.006750045,0.013563471,0.017112551,259.0
ch1-sigma-skew,0.0,0.0,0.08858038,0.0,0.013965214,0.037376277,0.017931094,0.0,0.0,0.029604398,0.0,0.017041577,260.0
ch15-delta-skew,0.022032464,0.008393692,0.0083732745,0.07494185,0.0,0.012209323,0.017888777,0.010169432,0.0034537457,0.026886381,0.0030745845,0.017038502,261.0
ch7-theta-psd,0.0,0.011218196,0.110002495,0.003921463,0.0,0.0,0.007166918,0.0,0.0040418915,0.0,0.050974574,0.017029596,262.0
ch17-alpha-skew,0.0,0.0,0.006339019,0.045983925,0.0,0.026211979,0.014565403,0.02549729,0.017678717,0.020638894,0.02695609,0.016715575,263.0
ch12-alpha-relpow,0.004825152,0.0,0.028727317,0.11852277,0.0,0.022761062,0.0,0.0032824553,0.0,0.0,0.0052385293,0.016668843,264.0
ch4-delta-relpow,0.013997551,0.0,0.1296179,0.0037567636,0.0,0.0,0.008535556,0.0,0.021268338,0.0,0.0,0.016106918,265.0
ch11-alpha-hjmob,0.024063457,0.011674215,0.01365067,0.091446474,0.00675157,0.0065185525,0.0,0.0,0.0135621345,0.00919998,0.0,0.016078822,266.0
ch10-beta-skew,0.022049919,0.048651665,0.0,0.0,0.014413838,0.007030415,0.026625277,0.031901836,0.01652017,0.009555895,0.0,0.016068092,267.0
ch16-theta-hjcomp,0.0075190505,0.07239034,0.0,0.013527645,0.03701081,0.0030765045,0.016835714,0.0131810745,0.0,0.010867985,0.0,0.015855376,268.0
ch2-beta-relpow,0.047394205,0.016889628,0.028133076,0.0054084547,0.0,0.030517064,0.032001678,0.0,0.0,0.0,0.014027049,0.015851922,269.0
ch15-lowgamma-de,0.0029626796,0.05755008,0.021167645,0.0039673722,0.0,0.0,0.0036640635,0.0,0.054020837,0.0052027036,0.025405822,0.015812837,270.0
ch18-beta-hjcomp,0.0,0.0,0.022771955,0.07321045,0.0,0.0,0.0086917095,0.003578064,0.02047338,0.03970468,0.004606367,0.0157306,271.0
ch2-sigma-skew,0.049485277,0.0,0.02121268,0.011269942,0.0,0.0,0.054332785,0.0,0.0,0.0331628,0.0,0.015405771,272.0
ch5-alpha-hjmob,0.017612163,0.01035426,0.0,0.035527263,0.0,0.026061637,0.0,0.0,0.02355212,0.029393615,0.024293168,0.0151631115,273.0
ch18-beta-kurt,0.015586146,0.0,0.0044228327,0.013402158,0.016171064,0.007651112,0.046665248,0.01686996,0.022426184,0.022061575,0.0,0.015023298,274.0
ch17-lowgamma-kurt,0.08088733,0.0,0.00899143,0.020917563,0.0050415695,0.023192868,0.0049871868,0.0,0.0,0.004993104,0.015954284,0.014996848,275.0
ch17-beta-relpow,0.078234814,0.013388615,0.0,0.0056174602,0.0,0.0,0.003921591,0.012418874,0.023029862,0.025031904,0.0,0.014694829,276.0
ch15-sigma-skew,0.06639158,0.06532948,0.0,0.0,0.0,0.013222679,0.0,0.0,0.016436713,0.0,0.0,0.014670949,277.0
ch14-delta-relpow,0.049429234,0.0,0.0061342157,0.011257322,0.08199592,0.0,0.0,0.012275358,0.0,0.0,0.0,0.014644731,278.0
ch2-alpha-hjcomp,0.10222283,0.015202329,0.0,0.0066276775,0.0083595365,0.0,0.0062257745,0.016624313,0.0,0.0035626555,0.0,0.014438648,279.0
ch12-theta-hjcomp,0.013778975,0.052131843,0.0,0.039330963,0.0,0.038581204,0.0,0.0,0.0,0.0,0.013961504,0.014344045,280.0
ch7-alpha-peaktopeak,0.0,0.013073718,0.09621831,0.0,0.0,0.015074091,0.0,0.017990172,0.015150162,0.0,0.0,0.014318768,281.0
ch4-alpha-skew,0.118452124,0.0,0.010492199,0.0041873734,0.00573684,0.0,0.013954436,0.0,0.004379938,0.0,0.0,0.014291174,282.0
ch15-sigma-relpow,0.0,0.050955623,0.0,0.0,0.01829926,0.012472894,0.0,0.0,0.03795169,0.023748478,0.008706018,0.01383036,283.0
ch19-alpha-relpow,0.029042447,0.015092382,0.0,0.0,0.05544497,0.0073845917,0.020356432,0.005416186,0.018848674,0.0,0.0,0.013780517,284.0
ch15-beta-skew,0.004314045,0.013651455,0.013108615,0.05892901,0.006023982,0.0,0.00968754,0.03139623,0.0056784763,0.0,0.008282251,0.013733781,285.0
ch7-beta-skew,0.0,0.02975683,0.03252493,0.0,0.0060334546,0.0,0.02229502,0.014412471,0.03684882,0.0,0.0083403615,0.013655626,286.0
ch3-lowgamma-peaktopeak,0.0,0.0042813164,0.0,0.012901775,0.0,0.030388441,0.07949125,0.0,0.006763601,0.0,0.01599783,0.013620383,287.0
ch14-beta-skew,0.0,0.013945053,0.0,0.020379072,0.013573111,0.012429636,0.006228167,0.057116825,0.010859465,0.0,0.013933024,0.0134967575,288.0
ch13-beta-psd,0.06390313,0.012900735,0.0,0.0,0.029480025,0.0,0.0,0.011619792,0.0,0.029639855,0.0,0.013413048,289.0
ch3-beta-psd,0.0,0.023285316,0.038210314,0.0,0.016320787,0.021739872,0.0038272731,0.0024170529,0.024483318,0.014326992,0.0,0.013146448,290.0
ch11-lowgamma-skew,0.012042344,0.004470184,0.013326631,0.0,0.0,0.007654557,0.05869763,0.009004073,0.002563982,0.0033408722,0.033433545,0.013139438,291.0
ch4-theta-kurt,0.09249169,0.0,0.0,0.0,0.0030946927,0.0,0.0,0.010221651,0.028473832,0.0097592715,0.0,0.01309465,292.0
ch19-alpha-skew,0.050071586,0.0,0.0,0.0,0.0,0.003990511,0.0,0.054423433,0.0053706686,0.006683035,0.021333471,0.012897518,293.0
ch7-beta-peaktopeak,0.0,0.0022014373,0.0,0.007511583,0.005046673,0.015471944,0.0810788,0.0048463685,0.017259348,0.0017665807,0.0048292167,0.01272836,294.0
ch14-sigma-skew,0.024772398,0.010098501,0.0,0.013808345,0.0,0.051856555,0.0,0.012949479,0.0,0.0,0.025845598,0.012666443,295.0
ch4-theta-hjcomp,0.011618709,0.0,0.0,0.005924922,0.005201393,0.0,0.034822408,0.0,0.011664733,0.002651107,0.06689559,0.012616261,296.0
ch13-beta-hjcomp,0.0,0.020373445,0.0,0.0,0.0,0.030429494,0.0,0.0,0.08350818,0.0,0.0040681367,0.012579932,297.0
ch6-delta-relpow,0.0,0.0,0.01354129,0.004800145,0.011842764,0.0034270843,0.012055199,0.0,0.012683367,0.0,0.078836806,0.012471513,298.0
ch17-beta-psd,0.01236372,0.0,0.0,0.0,0.0,0.0,0.0,0.08222244,0.0,0.022403158,0.020149214,0.012467139,299.0
ch6-lowgamma-relpow,0.02130698,0.008566738,0.007625023,0.022429578,0.0,0.025985526,0.01887201,0.007571686,0.002800013,0.0,0.02189358,0.012459194,300.0
ch10-theta-relpow,0.0,0.016673284,0.0,0.005607285,0.0,0.0,0.0,0.031756103,0.060480326,0.019205675,0.0028833253,0.012418726,301.0
ch9-alpha-relpow,0.0062283752,0.07979967,0.018033644,0.0,0.021754459,0.0,0.0,0.010775444,0.0,0.0,0.0,0.012417417,302.0
ch3-alpha-skew,0.0,0.00619826,0.027484098,0.008648368,0.0,0.0,0.0,0.0046521244,0.0021544143,0.0017472022,0.08523969,0.012374924,303.0
ch5-delta-relpow,0.0027723722,0.09405077,0.0,0.005707603,0.013936448,0.0069852537,0.0,0.0,0.0,0.0,0.009883838,0.012121481,304.0
ch4-sigma-skew,0.022246845,0.0,0.019450216,0.031711914,0.01467974,0.0,0.00987913,0.034239236,0.0,0.0,0.0,0.012018826,305.0
ch1-beta-hjcomp,0.007337699,0.0077281175,0.0,0.042721372,0.0,0.0,0.0,0.03816623,0.024287416,0.00370832,0.007956738,0.011991445,306.0
ch3-beta-peaktopeak,0.026445756,0.024244998,0.0,0.021006089,0.026453732,0.007442244,0.0077889087,0.0,0.0070252093,0.009104325,0.0,0.011773751,307.0
ch13-beta-relpow,0.012858686,0.013711408,0.014074187,0.003882217,0.008395764,0.0,0.0,0.008802446,0.01368645,0.05053307,0.0,0.011449475,308.0
ch13-sigma-relpow,0.0,0.08341971,0.0,0.00273899,0.0071128593,0.0033357188,0.0,0.009218017,0.0,0.017992644,0.0,0.011256177,309.0
ch5-lowgamma-kurt,0.006485477,0.051870186,0.0,0.015464479,0.0,0.0,0.0,0.021579633,0.017808553,0.0,0.010324362,0.011230244,310.0
ch19-theta-skew,0.0068711163,0.0,0.0,0.00825427,0.016716868,0.02339002,0.018050915,0.0,0.0,0.025122255,0.02476603,0.011197407,311.0
ch2-beta-hjcomp,0.0072368393,0.04797247,0.008362273,0.012383107,0.027702836,0.0,0.0,0.0,0.0,0.018348316,0.0,0.01109144,312.0
ch14-alpha-skew,0.0578784,0.023440868,0.0,0.016018327,0.0,0.0,0.0,0.009495207,0.00928951,0.0051724478,0.0,0.011026797,313.0
ch11-beta-psd,0.0,0.0,0.0,0.0,0.0,0.01085367,0.011143971,0.0,0.033585843,0.065641165,0.0,0.011020423,314.0
ch6-alpha-hjmob,0.003340157,0.007142097,0.0,0.0028155087,0.02551548,0.0,0.049728666,0.0,0.019143425,0.004105592,0.007273318,0.010824022,315.0
ch6-theta-relpow,0.0,0.0,0.012125104,0.0,0.028819818,0.019112939,0.05231824,0.0,0.0062149675,0.0,0.0,0.010781007,316.0
ch18-sigma-peaktopeak,0.0,0.0,0.0,0.023386251,0.028275779,0.0,0.02957077,0.011711398,0.018874997,0.0047291117,0.0,0.0105953,317.0
ch1-beta-skew,0.042044356,0.0,0.017330607,0.018220026,0.020325743,0.0,0.013321083,0.0,0.0,0.004976357,0.0,0.010565288,318.0
ch10-lowgamma-relpow,0.016725052,0.0032732692,0.009438296,0.036483943,0.0,0.0,0.03127131,0.0,0.0,0.007445603,0.0076415497,0.010207184,319.0
ch10-alpha-skew,0.0,0.022002822,0.003821982,0.012707828,0.0,0.04872867,0.0,0.0,0.019231947,0.002607757,0.0,0.009918273,320.0
ch4-theta-skew,0.008105141,0.023829754,0.0,0.0,0.014559234,0.0,0.004762453,0.0070883185,0.02206245,0.0,0.025457924,0.009624116,321.0
ch3-delta-relpow,0.013009657,0.010992638,0.0,0.0077946824,0.010309104,0.010177192,0.0,0.0,0.047198478,0.0,0.006129995,0.009601068,322.0
ch6-alpha-skew,0.013776481,0.018519994,0.0,0.012945204,0.02218338,0.0,0.008817285,0.012122364,0.0,0.007873187,0.005770743,0.009273512,323.0
ch18-theta-skew,0.028148213,0.0,0.04430259,0.0,0.0,0.009070845,0.0,0.0,0.0,0.015521701,0.0016620026,0.008973214,324.0
ch8-beta-peaktopeak,0.0,0.010322622,0.0,0.0,0.0050816904,0.0,0.0,0.005463869,0.05250559,0.021175053,0.0,0.008595347,325.0
ch6-theta-skew,0.0087499805,0.024737578,0.008357845,0.012476862,0.0,0.010102636,0.0,0.016920827,0.0047993087,0.0,0.0074166837,0.008505611,326.0
ch7-lowgamma-std,0.0,0.0,0.0,0.0,0.0,0.0,0.0,0.0,0.0,0.09106946,0.0,0.008279041,327.0
ch17-delta-relpow,0.0027116626,0.0,0.0048329756,0.008149101,0.0047648083,0.006658241,0.0,0.01166614,0.047230028,0.004622263,0.0,0.008239566,328.0
ch17-beta-peaktopeak,0.023011329,0.0,0.0,0.03429921,0.0,0.0057301275,0.0,0.0,0.022038508,0.0011631574,0.0,0.007840212,329.0
ch19-sigma-relpow,0.008524042,0.0,0.0,0.015043146,0.04925054,0.0,0.0,0.0,0.0,0.012646169,0.0,0.007769445,330.0
ch7-beta-hjact,0.0,0.0,0.016448759,0.0,0.01749213,0.0,0.0,0.036246073,0.008038247,0.0,0.0065027373,0.00770254,331.0
ch11-beta-skew,0.006533779,0.0075374716,0.01426218,0.0,0.0,0.0,0.048999526,0.0,0.0065088295,0.0,0.0,0.0076219807,332.0
ch4-theta-relpow,0.011226954,0.0049067093,0.05981852,0.0,0.0071373433,0.0,0.0,0.0,0.0,0.0,0.0,0.0075535937,333.0
ch16-delta-relpow,0.007654771,0.004888967,0.0,0.017120928,0.0,0.03336959,0.0075486046,0.0,0.011025408,0.0,0.0,0.0074189333,334.0
ch9-beta-psd,0.0,0.0,0.0,0.0,0.0,0.0017388149,0.0,0.003173987,0.0056757187,0.034418993,0.036050607,0.0073689194,335.0
ch11-sigma-relpow,0.0,0.0019613665,0.016305216,0.006823287,0.0053683575,0.017712953,0.0,0.01356478,0.018426804,0.0,0.0,0.007287524,336.0
ch4-sigma-peaktopeak,0.0,0.005345175,0.011039613,0.02390883,0.0052092574,0.0,0.014665318,0.0,0.0,0.01798674,0.0,0.0071049943,337.0
ch6-sigma-peaktopeak,0.0,0.011421754,0.010875054,0.020621909,0.0,0.0,0.018175889,0.0,0.0,0.016770238,0.0,0.0070786225,338.0
ch19-delta-relpow,0.023670506,0.0,0.00719777,0.0,0.002904298,0.01011678,0.019110093,0.010558971,0.0,0.002018938,0.0,0.006870668,339.0
ch14-beta-psd,0.0,0.010746824,0.0,0.0,0.0032455546,0.0040993076,0.0,0.008798251,0.030291192,0.013202638,0.0028386898,0.006656587,340.0
ch7-delta-relpow,0.0,0.0,0.0,0.0,0.0,0.0,0.013924623,0.0,0.015079937,0.026708791,0.017418616,0.0066483603,341.0
ch13-delta-relpow,0.0,0.013944623,0.0,0.00733162,0.009836553,0.0063075842,0.02461528,0.006005666,0.0,0.004894606,0.0,0.0066305394,342.0
ch2-beta-skew,0.0,0.054638054,0.0,0.009171602,0.0,0.0,0.0,0.0088864295,0.0,0.0,0.0,0.006608735,343.0
ch4-alpha-relpow,0.0,0.0,0.015413194,0.036447525,0.0,0.017103832,0.0,0.0,0.0,0.0,0.0,0.0062695052,344.0
ch3-beta-relpow,0.025988026,0.0,0.0,0.0,0.0,0.0,0.010065683,0.015705861,0.0023949193,0.01124016,0.0,0.0059449677,345.0
ch8-theta-relpow,0.0,0.016950235,0.0,0.011114017,0.0054235547,0.015351921,0.0,0.0,0.008465421,0.0,0.007636237,0.0059037623,346.0
ch13-beta-peaktopeak,0.0020542806,0.007101304,0.0,0.0,0.0,0.0,0.0,0.0,0.009877305,0.044938553,0.0,0.005815586,347.0
ch3-lowgamma-psd,0.0,0.0,0.0,0.0,0.0,0.0,0.0,0.0,0.0,0.06259977,0.0,0.005690888,348.0
ch4-beta-hjcomp,0.007775204,0.0,0.0074690357,0.0,0.022454742,0.014123302,0.0,0.0,0.009819629,0.0,0.0,0.005603811,349.0
ch16-beta-skew,0.007846388,0.006496405,0.004750688,0.0031177453,0.004927627,0.0,0.0,0.004412623,0.020992735,0.0,0.0,0.0047767465,350.0
ch12-sigma-relpow,0.0,0.024263313,0.011789007,0.0,0.0,0.0,0.0,0.004915287,0.0,0.0062034093,0.0,0.0042882743,351.0
ch4-beta-peaktopeak,0.0,0.0,0.039298132,0.0,0.0,0.0,0.0,0.0,0.006665865,0.0,0.0,0.004178545,352.0
ch7-alpha-relpow,0.013105145,0.013194188,0.0,0.0,0.0,0.0,0.013013782,0.0,0.00645707,0.0,0.0,0.0041609257,353.0
ch10-sigma-relpow,0.007797815,0.0121930055,0.0047662803,0.0038006501,0.0044386913,0.0,0.002581111,0.0,0.0,0.0,0.008270807,0.0039862148,354.0
ch18-sigma-relpow,0.0,0.0,0.009932328,0.0,0.023781285,0.0,0.007876817,0.0,0.0,0.0,0.0,0.0037809482,355.0
ch3-lowgamma-hjact,0.0,0.0,0.0,0.0,0.0,0.0,0.0,0.0,0.0,0.040487163,0.0,0.003680651,356.0
ch7-theta-peaktopeak,0.015511664,0.0,0.021000136,0.0,0.0,0.0,0.0,0.0,0.0,0.0,0.0,0.0033192546,357.0
ch3-theta-psd,0.0,0.0,0.0,0.0,0.0,0.0,0.0063619353,0.0,0.012797504,0.0,0.010438745,0.002690744,358.0
ch5-theta-relpow,0.0,0.009535763,0.0,0.0,0.0067059216,0.0,0.0,0.0,0.007489613,0.0,0.0033302451,0.0024601403,359.0
ch4-lowgamma-psd,0.0,0.0,0.0,0.0,0.0,0.0,0.0,0.0,0.0,0.01037884,0.0,0.00094353093,360.0
ch8-lowgamma-hjact,0.0,0.0,0.0,0.0,0.0,0.0,0.0,0.0,0.0,0.0,0.0,0.0,368.5
ch9-lowgamma-psd,0.0,0.0,0.0,0.0,0.0,0.0,0.0,0.0,0.0,0.0,0.0,0.0,368.5
ch13-lowgamma-psd,0.0,0.0,0.0,0.0,0.0,0.0,0.0,0.0,0.0,0.0,0.0,0.0,368.5
ch6-lowgamma-psd,0.0,0.0,0.0,0.0,0.0,0.0,0.0,0.0,0.0,0.0,0.0,0.0,368.5
ch6-lowgamma-std,0.0,0.0,0.0,0.0,0.0,0.0,0.0,0.0,0.0,0.0,0.0,0.0,368.5
ch13-lowgamma-std,0.0,0.0,0.0,0.0,0.0,0.0,0.0,0.0,0.0,0.0,0.0,0.0,368.5
ch9-lowgamma-hjact,0.0,0.0,0.0,0.0,0.0,0.0,0.0,0.0,0.0,0.0,0.0,0.0,368.5
ch11-lowgamma-psd,0.0,0.0,0.0,0.0,0.0,0.0,0.0,0.0,0.0,0.0,0.0,0.0,368.5
ch17-lowgamma-psd,0.0,0.0,0.0,0.0,0.0,0.0,0.0,0.0,0.0,0.0,0.0,0.0,368.5
ch4-lowgamma-hjact,0.0,0.0,0.0,0.0,0.0,0.0,0.0,0.0,0.0,0.0,0.0,0.0,368.5
ch8-lowgamma-psd,0.0,0.0,0.0,0.0,0.0,0.0,0.0,0.0,0.0,0.0,0.0,0.0,368.5
ch18-lowgamma-psd,0.0,0.0,0.0,0.0,0.0,0.0,0.0,0.0,0.0,0.0,0.0,0.0,368.5
ch17-lowgamma-hjact,0.0,0.0,0.0,0.0,0.0,0.0,0.0,0.0,0.0,0.0,0.0,0.0,368.5
ch5-lowgamma-psd,0.0,0.0,0.0,0.0,0.0,0.0,0.0,0.0,0.0,0.0,0.0,0.0,368.5
ch7-lowgamma-psd,0.0,0.0,0.0,0.0,0.0,0.0,0.0,0.0,0.0,0.0,0.0,0.0,368.5
ch19-lowgamma-psd,0.0,0.0,0.0,0.0,0.0,0.0,0.0,0.0,0.0,0.0,0.0,0.0,368.5
